Month,ProductID,OrderQty
2011-04,1,4
2011-04,4,3
2011-04,317,550
2011-04,318,550
2011-04,319,550
2011-04,359,3
2011-04,360,3
2011-04,403,3
2011-04,404,3
2011-04,405,3
2011-04,406,3
2011-04,407,3
2011-04,512,550
2011-04,513,550
2011-04,530,550
2011-12,320,6
2011-12,321,6
2011-12,322,120
2011-12,323,3
2011-12,341,3
2011-12,342,3
2011-12,343,3
2011-12,344,3
2011-12,345,3
2011-12,346,3
2011-12,351,1100
2011-12,352,1100
2011-12,355,550
2011-12,422,3
2011-12,423,3
2011-12,424,3
2011-12,425,3
2011-12,426,3
2011-12,438,3
2011-12,439,3
2011-12,440,3
2011-12,441,3
2011-12,491,3
2011-12,492,60
2011-12,493,60
2011-12,494,60
2011-12,495,60
2011-12,496,60
2011-12,497,3
2011-12,504,3
2011-12,506,60
2011-12,507,1100
2011-12,508,1100
2011-12,523,550
2011-12,524,550
2011-12,535,550
2011-12,679,550
2011-12,908,550
2011-12,909,550
2011-12,910,550
2011-12,911,550
2011-12,912,550
2011-12,935,550
2011-12,936,550
2011-12,940,550
2011-12,941,550
2012-01,320,3
2012-01,321,3
2012-01,322,60
2012-01,325,1250
2012-01,326,1250
2012-01,332,550
2012-01,341,6
2012-01,342,6
2012-01,343,3
2012-01,344,3
2012-01,356,120
2012-01,357,120
2012-01,358,60
2012-01,375,9
2012-01,376,9
2012-01,377,9
2012-01,378,9
2012-01,379,6
2012-01,402,3
2012-01,403,6
2012-01,404,6
2012-01,405,6
2012-01,406,3
2012-01,422,6
2012-01,423,6
2012-01,424,6
2012-01,462,3
2012-01,463,3
2012-01,464,3
2012-01,465,3
2012-01,476,550
2012-01,477,550
2012-01,478,550
2012-01,490,6
2012-01,491,3
2012-01,492,60
2012-01,493,60
2012-01,494,60
2012-01,495,60
2012-01,496,60
2012-01,505,3
2012-01,509,550
2012-01,510,1100
2012-01,511,1100
2012-01,513,550
2012-01,523,550
2012-01,524,550
2012-01,525,550
2012-01,526,550
2012-01,527,550
2012-01,528,3
2012-01,907,550
2012-01,908,550
2012-01,909,550
2012-01,910,550
2012-01,911,550
2012-01,912,550
2012-01,913,550
2012-01,921,550
2012-01,928,550
2012-01,929,550
2012-01,930,1100
2012-01,931,1100
2012-01,932,1100
2012-01,935,550
2012-01,936,550
2012-01,937,550
2012-01,938,1100
2012-01,939,1100
2012-01,948,550
2012-02,1,3
2012-02,2,3
2012-02,4,3
2012-02,317,1100
2012-02,318,1100
2012-02,319,1650
2012-02,320,6
2012-02,321,6
2012-02,322,60
2012-02,323,3
2012-02,359,3
2012-02,360,3
2012-02,361,6
2012-02,362,6
2012-02,363,6
2012-02,364,3
2012-02,408,3
2012-02,409,3
2012-02,410,3
2012-02,411,3
2012-02,412,3
2012-02,413,3
2012-02,427,3
2012-02,428,3
2012-02,429,3
2012-02,430,3
2012-02,431,3
2012-02,442,3
2012-02,443,3
2012-02,444,3
2012-02,497,3
2012-02,504,3
2012-02,512,550
2012-02,513,550
2012-02,523,550
2012-02,524,550
2012-02,530,550
2012-02,928,550
2012-02,929,550
2012-02,933,550
2012-02,934,550
2012-02,941,550
2012-02,952,60
2012-03,347,3
2012-03,348,3
2012-03,349,3
2012-03,351,550
2012-03,352,550
2012-03,355,550
2012-03,356,120
2012-03,357,120
2012-03,358,60
2012-03,379,3
2012-03,380,6
2012-03,381,6
2012-03,382,3
2012-03,383,3
2012-03,384,3
2012-03,402,3
2012-03,406,3
2012-03,407,3
2012-03,425,3
2012-03,426,3
2012-03,427,3
2012-03,428,3
2012-03,429,3
2012-03,438,3
2012-03,439,3
2012-03,440,3
2012-03,441,3
2012-03,442,3
2012-03,443,3
2012-03,444,3
2012-03,445,3
2012-03,446,3
2012-03,447,3
2012-03,448,3
2012-03,449,3
2012-03,450,3
2012-03,451,3
2012-03,452,3
2012-03,453,3
2012-03,454,3
2012-03,455,3
2012-03,456,3
2012-03,457,3
2012-03,458,3
2012-03,459,3
2012-03,460,3
2012-03,462,3
2012-03,466,3
2012-03,467,3
2012-03,479,550
2012-03,480,550
2012-03,481,550
2012-03,482,550
2012-03,483,550
2012-03,490,3
2012-03,491,6
2012-03,492,120
2012-03,493,120
2012-03,494,120
2012-03,495,120
2012-03,496,120
2012-03,505,3
2012-03,506,60
2012-03,507,1100
2012-03,508,1100
2012-03,509,550
2012-03,510,550
2012-03,511,550
2012-03,512,550
2012-03,523,550
2012-03,524,550
2012-03,525,550
2012-03,526,550
2012-03,527,550
2012-03,528,3
2012-03,679,1100
2012-03,908,550
2012-03,909,550
2012-03,910,550
2012-03,911,550
2012-03,912,550
2012-03,913,1100
2012-03,914,550
2012-03,915,550
2012-03,916,550
2012-03,935,1100
2012-03,936,1100
2012-03,937,550
2012-03,938,1100
2012-03,939,1100
2012-03,940,550
2012-04,320,3
2012-04,321,3
2012-04,322,60
2012-04,325,1250
2012-04,326,1250
2012-04,332,550
2012-04,343,3
2012-04,344,3
2012-04,345,6
2012-04,346,3
2012-04,347,3
2012-04,348,3
2012-04,349,3
2012-04,380,3
2012-04,381,3
2012-04,382,3
2012-04,383,3
2012-04,384,3
2012-04,385,3
2012-04,407,3
2012-04,408,3
2012-04,409,3
2012-04,425,3
2012-04,426,3
2012-04,490,3
2012-04,513,550
2012-04,907,550
2012-04,921,550
2012-04,928,550
2012-04,929,550
2012-04,930,1100
2012-04,931,550
2012-04,932,550
2012-04,933,550
2012-04,934,550
2012-04,948,550
2012-04,952,60
2012-05,1,3
2012-05,2,3
2012-05,4,3
2012-05,317,1100
2012-05,318,1100
2012-05,319,1100
2012-05,320,3
2012-05,321,3
2012-05,322,120
2012-05,364,3
2012-05,365,6
2012-05,366,6
2012-05,367,6
2012-05,368,3
2012-05,369,3
2012-05,414,3
2012-05,415,3
2012-05,416,3
2012-05,417,3
2012-05,432,3
2012-05,433,3
2012-05,434,3
2012-05,435,3
2012-05,436,3
2012-05,437,3
2012-05,445,3
2012-05,446,3
2012-05,447,3
2012-05,448,3
2012-05,449,3
2012-05,504,3
2012-05,512,550
2012-05,513,550
2012-05,530,550
2012-05,922,550
2012-05,923,550
2012-05,928,550
2012-05,929,550
2012-05,941,550
2012-06,323,3
2012-06,341,3
2012-06,342,3
2012-06,343,3
2012-06,344,3
2012-06,345,3
2012-06,346,3
2012-06,347,3
2012-06,348,3
2012-06,349,3
2012-06,351,1100
2012-06,352,1100
2012-06,356,60
2012-06,357,60
2012-06,385,3
2012-06,386,3
2012-06,387,3
2012-06,388,3
2012-06,389,3
2012-06,390,3
2012-06,402,3
2012-06,408,3
2012-06,409,3
2012-06,484,550
2012-06,485,550
2012-06,486,550
2012-06,487,550
2012-06,488,550
2012-06,491,3
2012-06,492,60
2012-06,493,60
2012-06,494,60
2012-06,495,60
2012-06,497,3
2012-06,506,60
2012-06,507,1100
2012-06,508,1100
2012-06,510,550
2012-06,511,550
2012-06,512,550
2012-06,523,550
2012-06,524,1100
2012-06,525,550
2012-06,526,550
2012-06,535,550
2012-06,679,550
2012-06,908,1100
2012-06,909,1100
2012-06,910,1100
2012-06,911,1100
2012-06,912,1100
2012-06,913,550
2012-06,914,550
2012-06,915,550
2012-06,935,1100
2012-06,936,1100
2012-06,937,550
2012-07,430,3
2012-07,431,3
2012-07,432,3
2012-07,433,3
2012-07,434,3
2012-07,462,3
2012-07,468,3
2012-07,469,3
2012-07,470,3
2012-07,471,3
2012-07,490,3
2012-07,491,3
2012-07,492,60
2012-07,493,60
2012-07,494,60
2012-07,495,60
2012-07,505,3
2012-07,509,550
2012-07,510,550
2012-07,511,550
2012-07,523,550
2012-07,527,550
2012-07,528,3
2012-07,938,1100
2012-07,939,1100
2012-08,319,1100
2012-08,320,3
2012-08,321,3
2012-08,322,60
2012-08,325,1250
2012-08,326,1250
2012-08,332,550
2012-08,341,3
2012-08,342,3
2012-08,346,3
2012-08,347,3
2012-08,356,60
2012-08,357,60
2012-08,358,60
2012-08,370,3
2012-08,371,3
2012-08,372,3
2012-08,373,3
2012-08,375,3
2012-08,376,3
2012-08,386,3
2012-08,387,3
2012-08,388,3
2012-08,389,3
2012-08,410,3
2012-08,411,3
2012-08,412,3
2012-08,413,3
2012-08,414,3
2012-08,427,3
2012-08,428,3
2012-08,429,3
2012-08,430,3
2012-08,490,3
2012-08,513,550
2012-08,907,550
2012-08,921,550
2012-08,928,1100
2012-08,929,1100
2012-08,930,1100
2012-08,931,1100
2012-08,932,1100
2012-08,933,1100
2012-08,934,550
2012-08,948,550
2012-08,952,60
2012-09,1,3
2012-09,2,3
2012-09,4,3
2012-09,317,550
2012-09,318,550
2012-09,320,6
2012-09,321,6
2012-09,322,120
2012-09,323,3
2012-09,368,3
2012-09,369,3
2012-09,370,3
2012-09,371,3
2012-09,372,3
2012-09,418,3
2012-09,419,3
2012-09,420,3
2012-09,421,3
2012-09,422,3
2012-09,423,3
2012-09,424,3
2012-09,425,3
2012-09,450,3
2012-09,451,3
2012-09,452,3
2012-09,453,3
2012-09,454,3
2012-09,496,60
2012-09,497,3
2012-09,504,3
2012-09,512,550
2012-09,513,550
2012-09,523,550
2012-09,524,550
2012-09,530,550
2012-09,914,550
2012-09,915,550
2012-09,916,550
2012-09,941,550
2012-10,341,3
2012-10,342,3
2012-10,351,550
2012-10,352,550
2012-10,355,550
2012-10,356,60
2012-10,357,60
2012-10,391,3
2012-10,392,3
2012-10,393,3
2012-10,394,3
2012-10,402,3
2012-10,472,3
2012-10,473,3
2012-10,474,3
2012-10,489,550
2012-10,491,3
2012-10,506,60
2012-10,507,1100
2012-10,508,1100
2012-10,510,550
2012-10,511,550
2012-10,512,550
2012-10,524,550
2012-10,525,550
2012-10,526,550
2012-10,535,550
2012-10,679,1100
2012-10,910,550
2012-10,911,550
2012-10,912,550
2012-10,913,550
2012-10,916,550
2012-10,935,1100
2012-10,936,1100
2012-10,937,550
2012-10,940,550
2013-02,356,60
2013-02,357,60
2013-02,358,60
2013-02,377,3
2013-02,378,3
2013-02,379,3
2013-02,390,3
2013-02,391,3
2013-02,392,3
2013-02,393,3
2013-02,394,3
2013-02,395,3
2013-02,396,3
2013-02,397,3
2013-02,435,3
2013-02,436,3
2013-02,437,3
2013-02,462,3
2013-02,490,6
2013-02,491,3
2013-02,496,60
2013-02,505,3
2013-02,510,550
2013-02,511,550
2013-02,523,550
2013-02,527,550
2013-02,528,3
2013-02,938,1100
2013-02,939,1100
2013-04,1,3
2013-04,2,3
2013-04,4,3
2013-04,317,550
2013-04,318,550
2013-04,319,1100
2013-04,320,9
2013-04,321,9
2013-04,322,180
2013-04,323,3
2013-04,325,1250
2013-04,326,1250
2013-04,332,550
2013-04,343,3
2013-04,344,3
2013-04,345,3
2013-04,348,3
2013-04,349,3
2013-04,373,3
2013-04,374,6
2013-04,403,3
2013-04,404,3
2013-04,415,3
2013-04,416,3
2013-04,417,3
2013-04,418,3
2013-04,419,3
2013-04,426,3
2013-04,427,3
2013-04,428,3
2013-04,429,3
2013-04,430,3
2013-04,431,6
2013-04,432,6
2013-04,433,6
2013-04,434,3
2013-04,435,3
2013-04,436,3
2013-04,437,3
2013-04,455,3
2013-04,456,3
2013-04,457,3
2013-04,458,3
2013-04,459,3
2013-04,460,3
2013-04,492,60
2013-04,493,60
2013-04,497,3
2013-04,504,3
2013-04,506,60
2013-04,512,550
2013-04,513,1100
2013-04,523,550
2013-04,524,550
2013-04,530,550
2013-04,907,550
2013-04,908,550
2013-04,909,550
2013-04,910,550
2013-04,911,550
2013-04,912,550
2013-04,913,550
2013-04,914,550
2013-04,915,550
2013-04,916,550
2013-04,921,550
2013-04,922,550
2013-04,923,550
2013-04,928,1100
2013-04,929,1100
2013-04,930,550
2013-04,931,550
2013-04,932,550
2013-04,934,550
2013-04,941,550
2013-04,948,550
2013-04,952,60
2013-05,319,550
2013-05,320,3
2013-05,321,3
2013-05,322,60
2013-05,325,1250
2013-05,326,1250
2013-05,332,550
2013-05,341,3
2013-05,342,3
2013-05,343,6
2013-05,344,3
2013-05,345,3
2013-05,346,3
2013-05,347,3
2013-05,351,1100
2013-05,352,1100
2013-05,355,550
2013-05,356,120
2013-05,357,120
2013-05,358,60
2013-05,375,3
2013-05,376,3
2013-05,380,3
2013-05,381,3
2013-05,395,3
2013-05,396,3
2013-05,397,3
2013-05,402,3
2013-05,403,3
2013-05,404,3
2013-05,405,3
2013-05,406,3
2013-05,407,3
2013-05,420,3
2013-05,421,3
2013-05,422,3
2013-05,423,3
2013-05,424,3
2013-05,425,3
2013-05,434,3
2013-05,435,3
2013-05,436,3
2013-05,437,3
2013-05,462,3
2013-05,475,3
2013-05,476,550
2013-05,477,550
2013-05,478,550
2013-05,479,550
2013-05,490,6
2013-05,491,6
2013-05,492,60
2013-05,493,60
2013-05,505,3
2013-05,507,1100
2013-05,508,1100
2013-05,509,550
2013-05,510,1100
2013-05,511,1100
2013-05,512,550
2013-05,513,550
2013-05,523,550
2013-05,524,550
2013-05,525,550
2013-05,526,550
2013-05,527,550
2013-05,528,3
2013-05,535,550
2013-05,679,1100
2013-05,907,550
2013-05,908,550
2013-05,909,550
2013-05,910,550
2013-05,911,550
2013-05,912,550
2013-05,921,550
2013-05,922,550
2013-05,928,550
2013-05,929,550
2013-05,930,1100
2013-05,931,1100
2013-05,932,1100
2013-05,933,1100
2013-05,934,1100
2013-05,935,1100
2013-05,936,1100
2013-05,937,550
2013-05,938,550
2013-05,939,550
2013-05,940,550
2013-05,948,550
2013-05,952,60
2013-06,1,3
2013-06,2,3
2013-06,4,3
2013-06,317,550
2013-06,318,550
2013-06,319,550
2013-06,359,6
2013-06,360,6
2013-06,361,3
2013-06,362,3
2013-06,363,3
2013-06,364,3
2013-06,405,3
2013-06,406,3
2013-06,407,3
2013-06,422,3
2013-06,423,3
2013-06,512,550
2013-06,513,550
2013-06,530,550
2013-07,320,6
2013-07,321,6
2013-07,322,120
2013-07,323,3
2013-07,351,550
2013-07,352,550
2013-07,461,3
2013-07,494,60
2013-07,495,60
2013-07,496,60
2013-07,497,3
2013-07,504,3
2013-07,506,60
2013-07,523,550
2013-07,524,550
2013-07,679,550
2013-07,908,550
2013-07,909,550
2013-07,941,550
2013-08,1,12
2013-08,2,12
2013-08,4,12
2013-08,317,3850
2013-08,318,3850
2013-08,319,7150
2013-08,320,36
2013-08,321,36
2013-08,322,660
2013-08,323,12
2013-08,325,5000
2013-08,326,5000
2013-08,332,2200
2013-08,341,9
2013-08,342,9
2013-08,343,9
2013-08,344,12
2013-08,345,12
2013-08,346,15
2013-08,347,15
2013-08,348,18
2013-08,349,18
2013-08,351,4950
2013-08,352,4950
2013-08,355,2200
2013-08,356,540
2013-08,357,540
2013-08,358,240
2013-08,359,3
2013-08,360,3
2013-08,361,6
2013-08,362,6
2013-08,363,6
2013-08,364,6
2013-08,365,9
2013-08,366,9
2013-08,367,9
2013-08,368,6
2013-08,369,6
2013-08,370,6
2013-08,371,6
2013-08,372,6
2013-08,373,6
2013-08,374,6
2013-08,375,3
2013-08,376,3
2013-08,377,6
2013-08,378,6
2013-08,379,6
2013-08,380,6
2013-08,381,6
2013-08,382,6
2013-08,383,6
2013-08,384,6
2013-08,385,6
2013-08,386,6
2013-08,387,6
2013-08,388,3
2013-08,402,15
2013-08,403,9
2013-08,404,9
2013-08,405,6
2013-08,406,6
2013-08,407,6
2013-08,408,12
2013-08,409,12
2013-08,410,6
2013-08,411,6
2013-08,412,6
2013-08,413,6
2013-08,414,6
2013-08,415,6
2013-08,416,6
2013-08,417,6
2013-08,418,6
2013-08,419,6
2013-08,420,6
2013-08,421,6
2013-08,422,9
2013-08,423,9
2013-08,424,9
2013-08,425,9
2013-08,426,12
2013-08,427,12
2013-08,428,12
2013-08,429,12
2013-08,430,12
2013-08,431,12
2013-08,432,12
2013-08,433,12
2013-08,434,12
2013-08,435,12
2013-08,436,9
2013-08,437,9
2013-08,438,9
2013-08,439,9
2013-08,440,9
2013-08,441,9
2013-08,442,9
2013-08,443,9
2013-08,444,9
2013-08,445,9
2013-08,446,9
2013-08,447,9
2013-08,448,9
2013-08,449,9
2013-08,450,9
2013-08,451,6
2013-08,452,6
2013-08,453,6
2013-08,454,6
2013-08,455,6
2013-08,456,6
2013-08,457,6
2013-08,458,6
2013-08,459,6
2013-08,460,6
2013-08,461,6
2013-08,462,12
2013-08,463,3
2013-08,464,3
2013-08,465,3
2013-08,466,3
2013-08,467,3
2013-08,468,3
2013-08,469,3
2013-08,470,3
2013-08,471,3
2013-08,472,3
2013-08,473,3
2013-08,474,3
2013-08,475,3
2013-08,476,550
2013-08,477,550
2013-08,478,550
2013-08,479,550
2013-08,480,1100
2013-08,481,1100
2013-08,482,1100
2013-08,483,1100
2013-08,484,1100
2013-08,485,1100
2013-08,486,1100
2013-08,487,1100
2013-08,488,1100
2013-08,489,1100
2013-08,490,24
2013-08,491,27
2013-08,492,300
2013-08,493,300
2013-08,494,240
2013-08,495,240
2013-08,496,240
2013-08,497,12
2013-08,504,12
2013-08,505,12
2013-08,506,240
2013-08,507,5500
2013-08,508,5500
2013-08,509,1100
2013-08,510,4950
2013-08,511,4950
2013-08,512,4950
2013-08,513,4400
2013-08,523,4400
2013-08,524,4400
2013-08,525,2750
2013-08,526,2750
2013-08,527,2200
2013-08,528,12
2013-08,530,2200
2013-08,535,2200
2013-08,679,4950
2013-08,907,2200
2013-08,908,2200
2013-08,909,2200
2013-08,910,3300
2013-08,911,2750
2013-08,912,2750
2013-08,913,2750
2013-08,914,1650
2013-08,915,1650
2013-08,916,1650
2013-08,921,2750
2013-08,922,1650
2013-08,923,2200
2013-08,928,3850
2013-08,929,3850
2013-08,930,3850
2013-08,931,3850
2013-08,932,3850
2013-08,933,3300
2013-08,934,3300
2013-08,935,4950
2013-08,936,4950
2013-08,937,2200
2013-08,938,3300
2013-08,939,3300
2013-08,940,2200
2013-08,941,2200
2013-08,948,2200
2013-08,952,300
2013-09,1,9
2013-09,2,9
2013-09,4,9
2013-09,317,1650
2013-09,318,1650
2013-09,319,2750
2013-09,320,21
2013-09,321,21
2013-09,322,480
2013-09,323,9
2013-09,325,2500
2013-09,326,2500
2013-09,332,1100
2013-09,341,9
2013-09,342,9
2013-09,343,9
2013-09,344,9
2013-09,345,9
2013-09,346,9
2013-09,347,6
2013-09,348,6
2013-09,349,6
2013-09,351,2750
2013-09,352,2750
2013-09,355,1650
2013-09,356,360
2013-09,357,360
2013-09,358,180
2013-09,359,9
2013-09,360,9
2013-09,361,6
2013-09,362,6
2013-09,363,6
2013-09,364,6
2013-09,365,6
2013-09,366,6
2013-09,367,6
2013-09,368,9
2013-09,369,9
2013-09,370,9
2013-09,371,9
2013-09,372,9
2013-09,373,9
2013-09,374,9
2013-09,375,3
2013-09,376,3
2013-09,377,3
2013-09,378,3
2013-09,379,3
2013-09,380,3
2013-09,381,3
2013-09,382,3
2013-09,383,3
2013-09,384,3
2013-09,388,3
2013-09,389,6
2013-09,390,6
2013-09,391,6
2013-09,392,6
2013-09,393,6
2013-09,394,6
2013-09,395,6
2013-09,396,6
2013-09,397,6
2013-09,402,9
2013-09,403,9
2013-09,404,9
2013-09,405,12
2013-09,406,12
2013-09,407,12
2013-09,408,12
2013-09,409,12
2013-09,410,9
2013-09,411,9
2013-09,412,6
2013-09,413,6
2013-09,414,3
2013-09,415,3
2013-09,416,3
2013-09,417,3
2013-09,418,3
2013-09,419,3
2013-09,420,3
2013-09,421,3
2013-09,422,6
2013-09,423,6
2013-09,424,9
2013-09,425,9
2013-09,426,9
2013-09,427,9
2013-09,428,9
2013-09,429,6
2013-09,430,3
2013-09,431,3
2013-09,432,3
2013-09,433,3
2013-09,434,3
2013-09,435,3
2013-09,436,6
2013-09,437,6
2013-09,438,3
2013-09,439,3
2013-09,440,3
2013-09,441,3
2013-09,442,3
2013-09,443,3
2013-09,444,3
2013-09,445,3
2013-09,446,3
2013-09,447,3
2013-09,448,3
2013-09,451,3
2013-09,452,3
2013-09,453,3
2013-09,454,3
2013-09,455,3
2013-09,456,3
2013-09,457,3
2013-09,458,3
2013-09,459,3
2013-09,460,3
2013-09,462,12
2013-09,463,3
2013-09,464,3
2013-09,465,3
2013-09,466,3
2013-09,467,3
2013-09,468,3
2013-09,469,3
2013-09,470,3
2013-09,471,3
2013-09,472,3
2013-09,473,3
2013-09,474,3
2013-09,475,3
2013-09,476,550
2013-09,477,550
2013-09,478,550
2013-09,479,550
2013-09,480,550
2013-09,481,550
2013-09,482,550
2013-09,483,550
2013-09,484,550
2013-09,485,550
2013-09,486,550
2013-09,487,550
2013-09,490,21
2013-09,491,21
2013-09,492,300
2013-09,493,300
2013-09,494,420
2013-09,495,420
2013-09,496,360
2013-09,497,9
2013-09,504,9
2013-09,505,12
2013-09,506,180
2013-09,507,3300
2013-09,508,3300
2013-09,509,1650
2013-09,510,3300
2013-09,511,3300
2013-09,512,2750
2013-09,513,3300
2013-09,523,3850
2013-09,524,3850
2013-09,525,1650
2013-09,526,1650
2013-09,527,2200
2013-09,528,12
2013-09,530,1650
2013-09,535,1650
2013-09,679,2200
2013-09,907,1100
2013-09,908,2200
2013-09,909,2200
2013-09,910,2200
2013-09,911,2750
2013-09,912,2750
2013-09,913,2200
2013-09,914,1100
2013-09,915,1100
2013-09,916,1100
2013-09,921,1100
2013-09,922,1100
2013-09,923,1100
2013-09,928,1650
2013-09,929,1650
2013-09,930,1650
2013-09,931,2750
2013-09,932,2750
2013-09,933,2200
2013-09,934,2200
2013-09,935,3850
2013-09,936,3850
2013-09,937,2200
2013-09,938,3300
2013-09,939,3300
2013-09,940,1650
2013-09,941,1650
2013-09,948,1100
2013-09,952,120
2013-10,1,6
2013-10,2,6
2013-10,4,6
2013-10,317,1650
2013-10,318,1650
2013-10,319,2200
2013-10,320,9
2013-10,321,9
2013-10,322,120
2013-10,323,3
2013-10,325,2500
2013-10,326,2500
2013-10,332,1100
2013-10,341,9
2013-10,342,9
2013-10,343,9
2013-10,344,6
2013-10,345,6
2013-10,346,3
2013-10,347,3
2013-10,348,3
2013-10,349,3
2013-10,351,550
2013-10,352,550
2013-10,355,550
2013-10,356,120
2013-10,357,120
2013-10,358,60
2013-10,359,3
2013-10,360,3
2013-10,361,6
2013-10,362,6
2013-10,363,6
2013-10,364,6
2013-10,365,6
2013-10,366,3
2013-10,367,3
2013-10,368,3
2013-10,369,3
2013-10,370,3
2013-10,371,3
2013-10,372,3
2013-10,373,3
2013-10,374,3
2013-10,375,6
2013-10,376,6
2013-10,377,6
2013-10,378,6
2013-10,379,3
2013-10,380,3
2013-10,381,3
2013-10,385,3
2013-10,386,3
2013-10,387,3
2013-10,388,3
2013-10,389,3
2013-10,390,3
2013-10,402,3
2013-10,403,3
2013-10,404,3
2013-10,405,3
2013-10,406,3
2013-10,407,3
2013-10,408,3
2013-10,409,3
2013-10,412,3
2013-10,413,3
2013-10,414,6
2013-10,415,3
2013-10,416,3
2013-10,422,3
2013-10,423,3
2013-10,424,3
2013-10,429,3
2013-10,430,6
2013-10,431,6
2013-10,432,3
2013-10,438,3
2013-10,439,3
2013-10,440,3
2013-10,441,3
2013-10,442,3
2013-10,443,3
2013-10,444,3
2013-10,445,3
2013-10,446,3
2013-10,447,3
2013-10,448,3
2013-10,449,6
2013-10,450,6
2013-10,451,6
2013-10,452,3
2013-10,453,3
2013-10,454,3
2013-10,455,3
2013-10,456,3
2013-10,457,3
2013-10,458,3
2013-10,459,3
2013-10,460,3
2013-10,462,3
2013-10,463,3
2013-10,464,3
2013-10,465,3
2013-10,488,550
2013-10,489,550
2013-10,490,3
2013-10,491,3
2013-10,492,60
2013-10,493,60
2013-10,494,60
2013-10,495,60
2013-10,496,120
2013-10,497,3
2013-10,504,3
2013-10,506,60
2013-10,507,1100
2013-10,508,1100
2013-10,509,550
2013-10,510,1100
2013-10,511,1100
2013-10,512,1100
2013-10,513,1650
2013-10,523,1100
2013-10,524,1100
2013-10,525,550
2013-10,526,550
2013-10,527,550
2013-10,530,1100
2013-10,535,550
2013-10,679,1100
2013-10,907,1100
2013-10,908,550
2013-10,909,550
2013-10,910,1100
2013-10,911,1100
2013-10,912,1100
2013-10,913,1100
2013-10,914,550
2013-10,915,550
2013-10,916,550
2013-10,921,1100
2013-10,922,1100
2013-10,923,1100
2013-10,928,2200
2013-10,929,2200
2013-10,930,2200
2013-10,931,1100
2013-10,932,1100
2013-10,933,1650
2013-10,934,1650
2013-10,935,1100
2013-10,936,1100
2013-10,937,550
2013-10,938,1100
2013-10,939,1100
2013-10,940,550
2013-10,941,550
2013-10,948,1100
2013-10,952,120
2013-11,1,6
2013-11,2,6
2013-11,4,6
2013-11,317,1650
2013-11,318,1650
2013-11,319,3300
2013-11,320,21
2013-11,321,21
2013-11,322,420
2013-11,323,9
2013-11,325,2500
2013-11,326,2500
2013-11,332,1650
2013-11,341,9
2013-11,342,9
2013-11,343,9
2013-11,344,9
2013-11,345,6
2013-11,346,6
2013-11,347,9
2013-11,348,9
2013-11,349,9
2013-11,351,3300
2013-11,352,3300
2013-11,355,1650
2013-11,356,360
2013-11,357,360
2013-11,358,180
2013-11,359,3
2013-11,360,3
2013-11,361,3
2013-11,362,3
2013-11,363,3
2013-11,366,3
2013-11,367,3
2013-11,368,3
2013-11,369,3
2013-11,370,3
2013-11,371,3
2013-11,372,3
2013-11,373,3
2013-11,374,3
2013-11,375,6
2013-11,376,6
2013-11,377,6
2013-11,378,6
2013-11,379,9
2013-11,380,6
2013-11,381,6
2013-11,382,3
2013-11,383,3
2013-11,384,3
2013-11,385,3
2013-11,386,3
2013-11,387,3
2013-11,388,3
2013-11,389,3
2013-11,390,3
2013-11,391,6
2013-11,392,6
2013-11,393,6
2013-11,394,6
2013-11,395,6
2013-11,396,6
2013-11,397,6
2013-11,402,9
2013-11,403,9
2013-11,404,9
2013-11,405,9
2013-11,406,9
2013-11,407,9
2013-11,408,9
2013-11,409,6
2013-11,410,3
2013-11,411,3
2013-11,412,3
2013-11,413,3
2013-11,414,3
2013-11,415,6
2013-11,416,6
2013-11,417,9
2013-11,418,9
2013-11,419,9
2013-11,420,9
2013-11,421,9
2013-11,422,9
2013-11,423,9
2013-11,424,6
2013-11,425,9
2013-11,426,9
2013-11,427,6
2013-11,428,3
2013-11,429,3
2013-11,430,3
2013-11,431,3
2013-11,432,6
2013-11,433,9
2013-11,434,9
2013-11,435,9
2013-11,436,9
2013-11,437,9
2013-11,438,6
2013-11,439,6
2013-11,440,3
2013-11,441,3
2013-11,442,3
2013-11,443,3
2013-11,444,3
2013-11,445,3
2013-11,446,3
2013-11,447,3
2013-11,448,3
2013-11,449,3
2013-11,450,3
2013-11,451,3
2013-11,452,6
2013-11,453,6
2013-11,454,6
2013-11,455,6
2013-11,456,6
2013-11,457,6
2013-11,458,6
2013-11,459,6
2013-11,460,6
2013-11,461,6
2013-11,462,9
2013-11,463,3
2013-11,464,3
2013-11,465,3
2013-11,466,6
2013-11,467,6
2013-11,468,6
2013-11,469,3
2013-11,470,3
2013-11,471,3
2013-11,472,3
2013-11,473,3
2013-11,474,3
2013-11,475,3
2013-11,476,1100
2013-11,477,1100
2013-11,478,550
2013-11,479,550
2013-11,480,550
2013-11,481,550
2013-11,482,550
2013-11,483,550
2013-11,484,550
2013-11,485,550
2013-11,486,550
2013-11,487,550
2013-11,488,550
2013-11,489,550
2013-11,490,18
2013-11,491,18
2013-11,492,240
2013-11,493,240
2013-11,494,120
2013-11,495,120
2013-11,496,120
2013-11,497,9
2013-11,504,9
2013-11,505,9
2013-11,506,180
2013-11,507,3300
2013-11,508,3300
2013-11,509,1100
2013-11,510,2750
2013-11,511,2750
2013-11,512,2750
2013-11,513,2750
2013-11,523,3300
2013-11,524,3300
2013-11,525,1650
2013-11,526,1650
2013-11,527,1650
2013-11,528,9
2013-11,530,1100
2013-11,535,1650
2013-11,679,3300
2013-11,714,350
2013-11,715,100
2013-11,716,750
2013-11,870,1500
2013-11,871,500
2013-11,872,1000
2013-11,873,8000
2013-11,874,8000
2013-11,875,8000
2013-11,907,1100
2013-11,908,1650
2013-11,909,1650
2013-11,910,2200
2013-11,911,2200
2013-11,912,2200
2013-11,913,1100
2013-11,914,1100
2013-11,915,1100
2013-11,916,1100
2013-11,921,1100
2013-11,922,550
2013-11,923,550
2013-11,928,2200
2013-11,929,2200
2013-11,930,2200
2013-11,931,3300
2013-11,932,3300
2013-11,933,2200
2013-11,934,2200
2013-11,935,3300
2013-11,936,3300
2013-11,937,1650
2013-11,938,2750
2013-11,939,2750
2013-11,940,1650
2013-11,941,1650
2013-11,948,1100
2013-11,952,120
2013-12,1,12
2013-12,2,12
2013-12,4,12
2013-12,317,4400
2013-12,318,4400
2013-12,319,6600
2013-12,320,24
2013-12,321,24
2013-12,322,480
2013-12,323,12
2013-12,325,5000
2013-12,326,5000
2013-12,332,1650
2013-12,341,9
2013-12,342,9
2013-12,343,9
2013-12,344,12
2013-12,345,15
2013-12,346,15
2013-12,347,12
2013-12,348,12
2013-12,349,12
2013-12,351,3300
2013-12,352,3300
2013-12,355,1650
2013-12,356,360
2013-12,357,360
2013-12,358,180
2013-12,359,6
2013-12,360,6
2013-12,361,6
2013-12,362,6
2013-12,363,6
2013-12,364,9
2013-12,365,9
2013-12,366,6
2013-12,367,6
2013-12,368,6
2013-12,369,6
2013-12,370,6
2013-12,371,6
2013-12,372,6
2013-12,373,6
2013-12,374,6
2013-12,375,3
2013-12,376,3
2013-12,377,3
2013-12,378,3
2013-12,379,3
2013-12,380,6
2013-12,381,6
2013-12,382,6
2013-12,383,6
2013-12,384,6
2013-12,385,6
2013-12,386,6
2013-12,387,3
2013-12,388,3
2013-12,402,9
2013-12,403,12
2013-12,404,12
2013-12,405,9
2013-12,406,9
2013-12,407,9
2013-12,408,9
2013-12,409,12
2013-12,410,3
2013-12,411,3
2013-12,412,3
2013-12,413,3
2013-12,414,3
2013-12,415,3
2013-12,416,3
2013-12,417,3
2013-12,418,3
2013-12,419,3
2013-12,422,3
2013-12,423,3
2013-12,424,3
2013-12,425,3
2013-12,426,3
2013-12,427,6
2013-12,428,9
2013-12,429,9
2013-12,430,9
2013-12,431,9
2013-12,432,9
2013-12,433,6
2013-12,434,6
2013-12,435,6
2013-12,436,6
2013-12,437,6
2013-12,438,3
2013-12,439,3
2013-12,440,6
2013-12,441,6
2013-12,442,6
2013-12,443,6
2013-12,444,6
2013-12,445,6
2013-12,446,6
2013-12,447,6
2013-12,448,6
2013-12,449,3
2013-12,450,3
2013-12,451,3
2013-12,452,3
2013-12,453,3
2013-12,454,3
2013-12,455,3
2013-12,462,9
2013-12,463,3
2013-12,464,3
2013-12,469,3
2013-12,470,3
2013-12,471,3
2013-12,472,3
2013-12,473,3
2013-12,474,3
2013-12,475,3
2013-12,478,550
2013-12,479,550
2013-12,480,550
2013-12,481,550
2013-12,482,550
2013-12,483,550
2013-12,484,550
2013-12,485,550
2013-12,486,550
2013-12,490,18
2013-12,491,18
2013-12,492,180
2013-12,493,180
2013-12,494,300
2013-12,495,300
2013-12,496,300
2013-12,497,12
2013-12,504,12
2013-12,505,9
2013-12,506,240
2013-12,507,3850
2013-12,508,3850
2013-12,509,1650
2013-12,510,2750
2013-12,511,2750
2013-12,512,3300
2013-12,513,3850
2013-12,523,3850
2013-12,524,3850
2013-12,525,1650
2013-12,526,1650
2013-12,527,1650
2013-12,528,9
2013-12,530,2200
2013-12,535,1650
2013-12,679,2750
2013-12,907,2200
2013-12,908,2200
2013-12,909,2200
2013-12,910,2200
2013-12,911,2200
2013-12,912,2200
2013-12,913,2750
2013-12,914,2200
2013-12,915,2200
2013-12,916,1650
2013-12,921,2200
2013-12,922,2200
2013-12,923,2200
2013-12,928,3850
2013-12,929,3850
2013-12,930,3850
2013-12,931,2750
2013-12,932,2750
2013-12,933,3300
2013-12,934,3300
2013-12,935,3300
2013-12,936,3300
2013-12,937,1650
2013-12,938,3300
2013-12,939,3300
2013-12,940,1650
2013-12,941,2200
2013-12,948,2200
2013-12,952,240
2014-01,1,9
2014-01,2,9
2014-01,4,9
2014-01,317,2750
2014-01,318,2750
2014-01,319,3850
2014-01,320,21
2014-01,321,21
2014-01,322,480
2014-01,323,9
2014-01,325,3750
2014-01,326,3750
2014-01,332,1650
2014-01,341,15
2014-01,342,15
2014-01,343,9
2014-01,344,9
2014-01,345,9
2014-01,346,12
2014-01,347,15
2014-01,348,12
2014-01,349,12
2014-01,351,2200
2014-01,352,2200
2014-01,355,1100
2014-01,356,480
2014-01,357,480
2014-01,358,240
2014-01,359,3
2014-01,360,3
2014-01,361,3
2014-01,362,3
2014-01,363,3
2014-01,364,3
2014-01,365,3
2014-01,366,6
2014-01,367,6
2014-01,368,6
2014-01,369,6
2014-01,370,6
2014-01,371,6
2014-01,372,6
2014-01,373,6
2014-01,374,3
2014-01,375,9
2014-01,376,9
2014-01,377,9
2014-01,378,9
2014-01,379,9
2014-01,380,6
2014-01,381,6
2014-01,382,6
2014-01,383,6
2014-01,384,6
2014-01,385,3
2014-01,386,3
2014-01,387,6
2014-01,388,6
2014-01,389,9
2014-01,390,9
2014-01,391,9
2014-01,392,9
2014-01,393,9
2014-01,394,9
2014-01,395,9
2014-01,396,9
2014-01,397,9
2014-01,402,12
2014-01,403,9
2014-01,404,9
2014-01,405,12
2014-01,406,9
2014-01,407,9
2014-01,408,6
2014-01,409,6
2014-01,410,6
2014-01,411,6
2014-01,412,6
2014-01,413,6
2014-01,414,6
2014-01,415,6
2014-01,416,6
2014-01,417,6
2014-01,418,6
2014-01,419,6
2014-01,420,9
2014-01,421,9
2014-01,422,6
2014-01,423,6
2014-01,424,9
2014-01,425,9
2014-01,426,9
2014-01,427,9
2014-01,428,9
2014-01,429,9
2014-01,430,9
2014-01,431,9
2014-01,432,9
2014-01,433,9
2014-01,434,9
2014-01,435,9
2014-01,436,6
2014-01,437,3
2014-01,449,3
2014-01,450,3
2014-01,451,3
2014-01,452,3
2014-01,453,3
2014-01,454,3
2014-01,455,3
2014-01,456,6
2014-01,457,6
2014-01,458,6
2014-01,459,6
2014-01,460,6
2014-01,461,3
2014-01,462,12
2014-01,465,3
2014-01,466,3
2014-01,467,3
2014-01,468,3
2014-01,469,3
2014-01,470,3
2014-01,471,3
2014-01,472,3
2014-01,473,3
2014-01,474,3
2014-01,475,3
2014-01,476,550
2014-01,477,550
2014-01,478,550
2014-01,479,550
2014-01,480,550
2014-01,481,550
2014-01,482,550
2014-01,483,550
2014-01,484,550
2014-01,485,550
2014-01,486,550
2014-01,487,1100
2014-01,488,1100
2014-01,489,1100
2014-01,490,24
2014-01,491,24
2014-01,492,300
2014-01,493,300
2014-01,494,300
2014-01,495,300
2014-01,496,300
2014-01,497,9
2014-01,504,9
2014-01,505,12
2014-01,506,180
2014-01,507,3850
2014-01,508,3850
2014-01,509,1650
2014-01,510,3850
2014-01,511,3850
2014-01,512,3300
2014-01,513,3850
2014-01,523,3850
2014-01,524,3850
2014-01,525,2200
2014-01,526,2200
2014-01,527,2200
2014-01,528,12
2014-01,530,1650
2014-01,535,1100
2014-01,679,2750
2014-01,841,300
2014-01,842,225
2014-01,843,75
2014-01,844,300
2014-01,845,250
2014-01,846,175
2014-01,847,150
2014-01,848,150
2014-01,907,1650
2014-01,908,2200
2014-01,909,2200
2014-01,910,2750
2014-01,911,2750
2014-01,912,2750
2014-01,913,2200
2014-01,914,1100
2014-01,915,1100
2014-01,916,1650
2014-01,921,1650
2014-01,922,550
2014-01,923,550
2014-01,928,3300
2014-01,929,3300
2014-01,930,3300
2014-01,931,2750
2014-01,932,2750
2014-01,933,2200
2014-01,934,2200
2014-01,935,4400
2014-01,936,4400
2014-01,937,2200
2014-01,938,4400
2014-01,939,4400
2014-01,940,1100
2014-01,941,1650
2014-01,948,1650
2014-01,952,180
2014-02,1,12
2014-02,2,12
2014-02,4,12
2014-02,317,2750
2014-02,318,2750
2014-02,319,5500
2014-02,320,33
2014-02,321,33
2014-02,322,660
2014-02,323,12
2014-02,325,5000
2014-02,326,5000
2014-02,332,2200
2014-02,341,9
2014-02,342,9
2014-02,343,15
2014-02,344,9
2014-02,345,9
2014-02,346,9
2014-02,347,9
2014-02,348,12
2014-02,349,12
2014-02,351,4400
2014-02,352,4400
2014-02,355,2200
2014-02,356,420
2014-02,357,420
2014-02,358,180
2014-02,359,6
2014-02,360,6
2014-02,361,6
2014-02,362,6
2014-02,363,6
2014-02,364,6
2014-02,365,6
2014-02,366,3
2014-02,367,3
2014-02,368,3
2014-02,369,3
2014-02,370,3
2014-02,371,3
2014-02,372,3
2014-02,373,3
2014-02,374,6
2014-02,375,6
2014-02,376,6
2014-02,377,6
2014-02,378,6
2014-02,379,6
2014-02,380,9
2014-02,381,9
2014-02,385,3
2014-02,386,3
2014-02,387,3
2014-02,388,3
2014-02,389,3
2014-02,390,3
2014-02,391,3
2014-02,392,3
2014-02,393,3
2014-02,394,3
2014-02,395,3
2014-02,396,3
2014-02,397,3
2014-02,402,12
2014-02,403,6
2014-02,404,6
2014-02,405,6
2014-02,406,9
2014-02,407,9
2014-02,408,12
2014-02,409,12
2014-02,410,6
2014-02,411,6
2014-02,412,6
2014-02,413,6
2014-02,414,3
2014-02,415,3
2014-02,416,3
2014-02,417,3
2014-02,418,3
2014-02,419,3
2014-02,420,3
2014-02,421,3
2014-02,422,9
2014-02,423,9
2014-02,424,6
2014-02,425,6
2014-02,426,6
2014-02,427,6
2014-02,428,6
2014-02,429,3
2014-02,430,3
2014-02,431,3
2014-02,432,3
2014-02,433,3
2014-02,434,3
2014-02,435,3
2014-02,436,6
2014-02,437,9
2014-02,438,9
2014-02,439,9
2014-02,440,6
2014-02,441,6
2014-02,442,6
2014-02,443,6
2014-02,444,6
2014-02,445,3
2014-02,446,3
2014-02,447,3
2014-02,448,3
2014-02,449,3
2014-02,450,3
2014-02,451,3
2014-02,452,3
2014-02,453,3
2014-02,454,3
2014-02,455,3
2014-02,456,3
2014-02,457,3
2014-02,458,3
2014-02,459,3
2014-02,460,3
2014-02,461,3
2014-02,462,9
2014-02,463,3
2014-02,464,3
2014-02,465,3
2014-02,466,3
2014-02,467,3
2014-02,468,3
2014-02,469,3
2014-02,470,3
2014-02,471,3
2014-02,472,3
2014-02,473,3
2014-02,474,3
2014-02,475,3
2014-02,476,1100
2014-02,477,1100
2014-02,478,1100
2014-02,479,1100
2014-02,480,1100
2014-02,481,550
2014-02,482,550
2014-02,483,550
2014-02,484,550
2014-02,485,550
2014-02,486,550
2014-02,487,550
2014-02,488,550
2014-02,489,550
2014-02,490,18
2014-02,491,21
2014-02,492,240
2014-02,493,240
2014-02,494,180
2014-02,495,180
2014-02,496,180
2014-02,497,12
2014-02,504,12
2014-02,505,9
2014-02,506,240
2014-02,507,4400
2014-02,508,4400
2014-02,509,1100
2014-02,510,3850
2014-02,511,3850
2014-02,512,4400
2014-02,513,3850
2014-02,523,3850
2014-02,524,4400
2014-02,525,2200
2014-02,526,2200
2014-02,527,1650
2014-02,528,9
2014-02,530,2200
2014-02,535,2200
2014-02,679,3850
2014-02,707,25
2014-02,708,25
2014-02,711,300
2014-02,907,2200
2014-02,908,2750
2014-02,909,2750
2014-02,910,2750
2014-02,911,2750
2014-02,912,2750
2014-02,913,2750
2014-02,914,2200
2014-02,915,1650
2014-02,916,1650
2014-02,921,2200
2014-02,922,1650
2014-02,923,1650
2014-02,928,3300
2014-02,929,3300
2014-02,930,3300
2014-02,931,3850
2014-02,932,3850
2014-02,933,2750
2014-02,934,2750
2014-02,935,4400
2014-02,936,4400
2014-02,937,1650
2014-02,938,2200
2014-02,939,2200
2014-02,940,2200
2014-02,941,2200
2014-02,948,2200
2014-02,952,240
2014-03,1,12
2014-03,2,12
2014-03,4,12
2014-03,317,4400
2014-03,318,4400
2014-03,319,6600
2014-03,320,24
2014-03,321,24
2014-03,322,420
2014-03,323,12
2014-03,325,5000
2014-03,326,5000
2014-03,332,2200
2014-03,341,15
2014-03,342,15
2014-03,343,12
2014-03,344,18
2014-03,345,18
2014-03,346,18
2014-03,347,18
2014-03,348,18
2014-03,349,18
2014-03,351,2750
2014-03,352,2750
2014-03,355,1650
2014-03,356,420
2014-03,357,420
2014-03,358,240
2014-03,359,6
2014-03,360,6
2014-03,361,6
2014-03,362,6
2014-03,363,6
2014-03,364,3
2014-03,365,3
2014-03,366,6
2014-03,367,6
2014-03,368,6
2014-03,369,6
2014-03,370,3
2014-03,371,3
2014-03,372,3
2014-03,373,3
2014-03,374,3
2014-03,375,3
2014-03,376,3
2014-03,377,3
2014-03,378,3
2014-03,382,6
2014-03,383,6
2014-03,384,6
2014-03,385,6
2014-03,386,6
2014-03,387,6
2014-03,388,6
2014-03,389,6
2014-03,390,6
2014-03,391,6
2014-03,392,6
2014-03,393,6
2014-03,394,6
2014-03,395,6
2014-03,396,6
2014-03,397,6
2014-03,402,12
2014-03,403,12
2014-03,404,12
2014-03,405,12
2014-03,406,12
2014-03,407,12
2014-03,408,9
2014-03,409,9
2014-03,410,6
2014-03,411,6
2014-03,412,6
2014-03,413,6
2014-03,414,3
2014-03,415,3
2014-03,416,3
2014-03,417,3
2014-03,418,3
2014-03,419,3
2014-03,420,3
2014-03,421,3
2014-03,422,6
2014-03,423,6
2014-03,424,9
2014-03,425,9
2014-03,426,9
2014-03,427,3
2014-03,428,3
2014-03,429,6
2014-03,430,6
2014-03,431,6
2014-03,432,6
2014-03,433,9
2014-03,434,9
2014-03,435,9
2014-03,436,6
2014-03,437,6
2014-03,440,3
2014-03,441,3
2014-03,442,3
2014-03,443,3
2014-03,444,3
2014-03,445,6
2014-03,446,6
2014-03,447,6
2014-03,448,6
2014-03,449,6
2014-03,450,6
2014-03,451,6
2014-03,452,3
2014-03,453,3
2014-03,454,3
2014-03,455,3
2014-03,456,3
2014-03,457,3
2014-03,458,3
2014-03,459,3
2014-03,460,3
2014-03,462,12
2014-03,463,6
2014-03,464,6
2014-03,465,6
2014-03,466,6
2014-03,467,6
2014-03,468,3
2014-03,469,3
2014-03,470,3
2014-03,471,3
2014-03,472,3
2014-03,473,3
2014-03,474,3
2014-03,475,3
2014-03,476,550
2014-03,477,550
2014-03,478,550
2014-03,479,550
2014-03,480,550
2014-03,481,550
2014-03,482,550
2014-03,483,550
2014-03,484,550
2014-03,485,550
2014-03,486,550
2014-03,487,550
2014-03,488,550
2014-03,489,550
2014-03,490,24
2014-03,491,24
2014-03,492,300
2014-03,493,300
2014-03,494,360
2014-03,495,360
2014-03,496,360
2014-03,497,12
2014-03,504,12
2014-03,505,12
2014-03,506,240
2014-03,507,4400
2014-03,508,4400
2014-03,509,2200
2014-03,510,3300
2014-03,511,3300
2014-03,512,2750
2014-03,513,4400
2014-03,523,4400
2014-03,524,3850
2014-03,525,1650
2014-03,526,1650
2014-03,527,2200
2014-03,528,12
2014-03,530,2200
2014-03,535,1100
2014-03,679,3300
2014-03,849,5000
2014-03,850,5000
2014-03,851,5000
2014-03,852,750
2014-03,853,750
2014-03,854,750
2014-03,855,1050
2014-03,856,1000
2014-03,857,1000
2014-03,907,2200
2014-03,908,2200
2014-03,909,2200
2014-03,910,2750
2014-03,911,2750
2014-03,912,2750
2014-03,913,2200
2014-03,914,1100
2014-03,915,1650
2014-03,916,1650
2014-03,921,2200
2014-03,922,1650
2014-03,923,1650
2014-03,928,4400
2014-03,929,4400
2014-03,930,4400
2014-03,931,3850
2014-03,932,3850
2014-03,933,3300
2014-03,934,3300
2014-03,935,3850
2014-03,936,3850
2014-03,937,2200
2014-03,938,4400
2014-03,939,4400
2014-03,940,1650
2014-03,941,2200
2014-03,948,2200
2014-03,952,240
2014-04,1,12
2014-04,2,12
2014-04,4,12
2014-04,317,2750
2014-04,318,2750
2014-04,319,4400
2014-04,320,33
2014-04,321,33
2014-04,322,720
2014-04,323,12
2014-04,325,5000
2014-04,326,5000
2014-04,332,2200
2014-04,341,15
2014-04,342,15
2014-04,343,18
2014-04,344,15
2014-04,345,15
2014-04,346,15
2014-04,347,15
2014-04,348,9
2014-04,349,9
2014-04,351,3850
2014-04,352,3850
2014-04,355,1650
2014-04,356,540
2014-04,357,540
2014-04,358,240
2014-04,359,6
2014-04,360,6
2014-04,361,3
2014-04,362,3
2014-04,363,3
2014-04,364,6
2014-04,365,6
2014-04,366,6
2014-04,367,6
2014-04,368,6
2014-04,369,6
2014-04,370,6
2014-04,371,6
2014-04,372,6
2014-04,373,6
2014-04,374,6
2014-04,375,15
2014-04,376,15
2014-04,377,9
2014-04,378,9
2014-04,379,12
2014-04,380,12
2014-04,381,12
2014-04,382,6
2014-04,383,6
2014-04,384,6
2014-04,385,6
2014-04,386,6
2014-04,387,6
2014-04,388,6
2014-04,389,6
2014-04,390,6
2014-04,391,6
2014-04,392,6
2014-04,393,6
2014-04,394,6
2014-04,395,6
2014-04,396,6
2014-04,397,6
2014-04,402,12
2014-04,403,9
2014-04,404,9
2014-04,405,9
2014-04,406,9
2014-04,407,9
2014-04,408,9
2014-04,409,9
2014-04,410,3
2014-04,411,3
2014-04,412,3
2014-04,413,3
2014-04,414,6
2014-04,415,6
2014-04,416,6
2014-04,417,6
2014-04,418,6
2014-04,419,6
2014-04,420,6
2014-04,421,6
2014-04,422,6
2014-04,423,6
2014-04,424,3
2014-04,425,3
2014-04,426,3
2014-04,427,9
2014-04,428,9
2014-04,429,9
2014-04,430,9
2014-04,431,9
2014-04,432,9
2014-04,433,9
2014-04,434,9
2014-04,435,9
2014-04,436,12
2014-04,437,12
2014-04,438,6
2014-04,439,6
2014-04,440,6
2014-04,441,6
2014-04,442,6
2014-04,443,6
2014-04,444,6
2014-04,445,6
2014-04,446,6
2014-04,447,6
2014-04,448,3
2014-04,449,3
2014-04,450,3
2014-04,451,3
2014-04,452,6
2014-04,453,6
2014-04,454,6
2014-04,455,6
2014-04,456,6
2014-04,457,6
2014-04,458,6
2014-04,459,6
2014-04,460,6
2014-04,461,3
2014-04,462,15
2014-04,463,3
2014-04,464,3
2014-04,465,3
2014-04,466,3
2014-04,467,3
2014-04,468,6
2014-04,469,6
2014-04,470,6
2014-04,471,6
2014-04,472,6
2014-04,473,3
2014-04,474,3
2014-04,475,3
2014-04,476,550
2014-04,477,550
2014-04,478,550
2014-04,479,550
2014-04,480,550
2014-04,481,1100
2014-04,482,1100
2014-04,483,1100
2014-04,484,1100
2014-04,485,1100
2014-04,486,1100
2014-04,487,1100
2014-04,488,1100
2014-04,489,1100
2014-04,490,27
2014-04,491,27
2014-04,492,300
2014-04,493,300
2014-04,494,300
2014-04,495,300
2014-04,496,300
2014-04,497,12
2014-04,504,12
2014-04,505,12
2014-04,506,240
2014-04,507,4400
2014-04,508,4400
2014-04,509,1650
2014-04,510,4950
2014-04,511,4950
2014-04,512,4950
2014-04,513,4400
2014-04,523,4950
2014-04,524,4950
2014-04,525,2750
2014-04,526,2750
2014-04,527,2750
2014-04,528,12
2014-04,530,2200
2014-04,535,2200
2014-04,679,3850
2014-04,858,700
2014-04,859,700
2014-04,860,700
2014-04,861,900
2014-04,862,900
2014-04,863,900
2014-04,864,1250
2014-04,865,3750
2014-04,866,2500
2014-04,867,2000
2014-04,868,2000
2014-04,869,2000
2014-04,907,2200
2014-04,908,3300
2014-04,909,3300
2014-04,910,3850
2014-04,911,3850
2014-04,912,3850
2014-04,913,2750
2014-04,914,2200
2014-04,915,2200
2014-04,916,2200
2014-04,921,2200
2014-04,922,1650
2014-04,923,1100
2014-04,928,3850
2014-04,929,3850
2014-04,930,3850
2014-04,931,3300
2014-04,932,3300
2014-04,933,2750
2014-04,934,2750
2014-04,935,4950
2014-04,936,4950
2014-04,937,2750
2014-04,938,4400
2014-04,939,4400
2014-04,940,1650
2014-04,941,2200
2014-04,948,2200
2014-04,952,240
2014-05,1,15
2014-05,2,15
2014-05,4,15
2014-05,317,4400
2014-05,318,4400
2014-05,319,7700
2014-05,320,30
2014-05,321,30
2014-05,322,480
2014-05,323,12
2014-05,325,6250
2014-05,326,6250
2014-05,332,2750
2014-05,341,15
2014-05,342,15
2014-05,343,15
2014-05,344,18
2014-05,345,18
2014-05,346,18
2014-05,347,15
2014-05,348,21
2014-05,349,21
2014-05,351,3850
2014-05,352,3850
2014-05,355,2200
2014-05,356,540
2014-05,357,540
2014-05,358,300
2014-05,359,3
2014-05,360,3
2014-05,361,6
2014-05,362,6
2014-05,363,6
2014-05,364,6
2014-05,365,6
2014-05,366,3
2014-05,367,3
2014-05,368,3
2014-05,369,3
2014-05,370,6
2014-05,371,6
2014-05,372,6
2014-05,373,6
2014-05,374,6
2014-05,377,6
2014-05,378,6
2014-05,379,6
2014-05,380,6
2014-05,381,6
2014-05,382,6
2014-05,383,6
2014-05,384,6
2014-05,385,6
2014-05,386,6
2014-05,387,6
2014-05,388,6
2014-05,389,3
2014-05,390,3
2014-05,391,3
2014-05,392,3
2014-05,393,3
2014-05,402,12
2014-05,403,12
2014-05,404,12
2014-05,405,9
2014-05,406,9
2014-05,407,9
2014-05,408,12
2014-05,409,12
2014-05,410,3
2014-05,411,3
2014-05,412,3
2014-05,413,3
2014-05,414,6
2014-05,415,6
2014-05,416,6
2014-05,417,6
2014-05,418,6
2014-05,419,6
2014-05,420,6
2014-05,421,6
2014-05,422,9
2014-05,423,9
2014-05,424,9
2014-05,425,9
2014-05,426,9
2014-05,427,9
2014-05,428,9
2014-05,429,9
2014-05,430,9
2014-05,431,9
2014-05,432,9
2014-05,433,6
2014-05,434,6
2014-05,435,6
2014-05,436,3
2014-05,437,3
2014-05,438,6
2014-05,439,6
2014-05,440,6
2014-05,441,6
2014-05,442,6
2014-05,443,6
2014-05,444,6
2014-05,445,3
2014-05,446,3
2014-05,447,3
2014-05,448,6
2014-05,449,6
2014-05,450,6
2014-05,451,6
2014-05,452,6
2014-05,453,6
2014-05,454,6
2014-05,455,6
2014-05,456,6
2014-05,457,6
2014-05,458,6
2014-05,459,6
2014-05,460,6
2014-05,461,3
2014-05,462,12
2014-05,463,6
2014-05,464,6
2014-05,465,3
2014-05,466,3
2014-05,467,3
2014-05,468,3
2014-05,469,3
2014-05,470,3
2014-05,471,3
2014-05,472,3
2014-05,473,6
2014-05,474,6
2014-05,475,6
2014-05,476,550
2014-05,477,550
2014-05,478,550
2014-05,479,550
2014-05,480,550
2014-05,481,550
2014-05,482,550
2014-05,483,550
2014-05,484,550
2014-05,485,550
2014-05,486,550
2014-05,490,27
2014-05,491,24
2014-05,492,240
2014-05,493,240
2014-05,494,240
2014-05,495,240
2014-05,496,240
2014-05,497,12
2014-05,504,12
2014-05,505,15
2014-05,506,240
2014-05,507,4400
2014-05,508,4400
2014-05,509,2200
2014-05,510,3850
2014-05,511,3850
2014-05,512,3850
2014-05,513,4950
2014-05,523,4400
2014-05,524,4400
2014-05,525,2200
2014-05,526,2200
2014-05,527,2200
2014-05,528,15
2014-05,530,2750
2014-05,535,1650
2014-05,679,3300
2014-05,712,630
2014-05,713,600
2014-05,907,2750
2014-05,908,2750
2014-05,909,2750
2014-05,910,3300
2014-05,911,2750
2014-05,912,2750
2014-05,913,2750
2014-05,914,1650
2014-05,915,1650
2014-05,916,1650
2014-05,921,2750
2014-05,922,2200
2014-05,923,2750
2014-05,928,4950
2014-05,929,4950
2014-05,930,4950
2014-05,931,4950
2014-05,932,4950
2014-05,933,4400
2014-05,934,4400
2014-05,935,4400
2014-05,936,4400
2014-05,937,2200
2014-05,938,4400
2014-05,939,4400
2014-05,940,2200
2014-05,941,2200
2014-05,948,2750
2014-05,952,300
2014-06,1,12
2014-06,2,12
2014-06,4,12
2014-06,317,3850
2014-06,318,3850
2014-06,319,5500
2014-06,320,33
2014-06,321,33
2014-06,322,780
2014-06,323,15
2014-06,325,5000
2014-06,326,5000
2014-06,332,2200
2014-06,341,21
2014-06,342,21
2014-06,343,21
2014-06,344,18
2014-06,345,18
2014-06,346,12
2014-06,347,15
2014-06,348,15
2014-06,349,15
2014-06,351,3850
2014-06,352,3850
2014-06,355,1650
2014-06,356,600
2014-06,357,600
2014-06,358,300
2014-06,359,6
2014-06,360,6
2014-06,361,6
2014-06,362,6
2014-06,363,6
2014-06,364,3
2014-06,365,3
2014-06,366,6
2014-06,367,6
2014-06,368,6
2014-06,369,6
2014-06,370,6
2014-06,371,6
2014-06,372,6
2014-06,373,6
2014-06,374,6
2014-06,375,15
2014-06,376,15
2014-06,377,12
2014-06,378,12
2014-06,379,12
2014-06,380,12
2014-06,381,12
2014-06,382,6
2014-06,383,6
2014-06,384,6
2014-06,385,6
2014-06,386,6
2014-06,387,6
2014-06,388,6
2014-06,389,9
2014-06,390,9
2014-06,391,9
2014-06,392,9
2014-06,393,9
2014-06,394,12
2014-06,395,12
2014-06,396,12
2014-06,397,12
2014-06,402,15
2014-06,403,12
2014-06,404,12
2014-06,405,12
2014-06,406,12
2014-06,407,12
2014-06,408,12
2014-06,409,12
2014-06,410,9
2014-06,411,9
2014-06,412,9
2014-06,413,9
2014-06,414,6
2014-06,415,6
2014-06,416,6
2014-06,417,6
2014-06,418,6
2014-06,419,6
2014-06,420,6
2014-06,421,6
2014-06,422,6
2014-06,423,6
2014-06,424,9
2014-06,425,9
2014-06,426,9
2014-06,427,9
2014-06,428,9
2014-06,429,9
2014-06,430,9
2014-06,431,9
2014-06,432,9
2014-06,433,12
2014-06,434,12
2014-06,435,12
2014-06,436,15
2014-06,437,12
2014-06,438,6
2014-06,439,6
2014-06,440,6
2014-06,441,6
2014-06,442,6
2014-06,443,6
2014-06,444,3
2014-06,445,6
2014-06,446,6
2014-06,447,6
2014-06,448,6
2014-06,449,6
2014-06,450,6
2014-06,451,6
2014-06,452,6
2014-06,453,6
2014-06,454,6
2014-06,455,6
2014-06,456,6
2014-06,457,6
2014-06,458,6
2014-06,459,6
2014-06,460,6
2014-06,461,3
2014-06,462,15
2014-06,463,3
2014-06,464,3
2014-06,465,6
2014-06,466,6
2014-06,467,6
2014-06,468,3
2014-06,469,3
2014-06,470,3
2014-06,471,3
2014-06,472,3
2014-06,473,3
2014-06,474,3
2014-06,475,3
2014-06,476,1100
2014-06,477,1100
2014-06,478,1100
2014-06,479,1100
2014-06,480,550
2014-06,481,550
2014-06,482,550
2014-06,483,550
2014-06,484,550
2014-06,485,550
2014-06,486,550
2014-06,487,1100
2014-06,488,1100
2014-06,489,1100
2014-06,490,30
2014-06,491,30
2014-06,492,480
2014-06,493,480
2014-06,494,360
2014-06,495,360
2014-06,496,360
2014-06,497,15
2014-06,504,15
2014-06,505,15
2014-06,506,300
2014-06,507,5500
2014-06,508,5500
2014-06,509,2200
2014-06,510,4950
2014-06,511,4950
2014-06,512,4950
2014-06,513,5500
2014-06,523,5500
2014-06,524,5500
2014-06,525,2750
2014-06,526,2750
2014-06,527,2750
2014-06,528,15
2014-06,530,2200
2014-06,535,2200
2014-06,679,4400
2014-06,876,250
2014-06,877,150
2014-06,878,150
2014-06,879,400
2014-06,880,1000
2014-06,881,6000
2014-06,882,6000
2014-06,883,6000
2014-06,884,6000
2014-06,907,2200
2014-06,908,3300
2014-06,909,3300
2014-06,910,3850
2014-06,911,4400
2014-06,912,4400
2014-06,913,3300
2014-06,914,2750
2014-06,915,2200
2014-06,916,2200
2014-06,921,2200
2014-06,922,1100
2014-06,923,1100
2014-06,928,4400
2014-06,929,4400
2014-06,930,3850
2014-06,931,3850
2014-06,932,3850
2014-06,933,2750
2014-06,934,2750
2014-06,935,5500
2014-06,936,5500
2014-06,937,2750
2014-06,938,4950
2014-06,939,4950
2014-06,940,1650
2014-06,941,2750
2014-06,948,2200
2014-06,952,240
2014-07,1,18
2014-07,2,18
2014-07,4,18
2014-07,317,5500
2014-07,318,5500
2014-07,319,9350
2014-07,320,42
2014-07,321,42
2014-07,322,780
2014-07,323,18
2014-07,325,7500
2014-07,326,7500
2014-07,332,3300
2014-07,341,15
2014-07,342,15
2014-07,343,15
2014-07,344,18
2014-07,345,18
2014-07,346,24
2014-07,347,21
2014-07,348,21
2014-07,349,21
2014-07,351,4950
2014-07,352,4950
2014-07,355,2750
2014-07,356,600
2014-07,357,600
2014-07,358,300
2014-07,359,6
2014-07,360,6
2014-07,361,6
2014-07,362,6
2014-07,363,6
2014-07,364,9
2014-07,365,9
2014-07,366,6
2014-07,367,6
2014-07,368,6
2014-07,369,6
2014-07,370,6
2014-07,371,6
2014-07,372,6
2014-07,373,6
2014-07,374,6
2014-07,375,3
2014-07,376,3
2014-07,377,6
2014-07,378,6
2014-07,379,6
2014-07,380,6
2014-07,381,6
2014-07,382,6
2014-07,383,6
2014-07,384,6
2014-07,385,6
2014-07,386,6
2014-07,387,6
2014-07,388,6
2014-07,389,3
2014-07,390,3
2014-07,391,3
2014-07,392,3
2014-07,393,3
2014-07,402,15
2014-07,403,15
2014-07,404,15
2014-07,405,15
2014-07,406,15
2014-07,407,15
2014-07,408,12
2014-07,409,12
2014-07,410,3
2014-07,411,3
2014-07,412,3
2014-07,413,3
2014-07,414,6
2014-07,415,6
2014-07,416,6
2014-07,417,6
2014-07,418,6
2014-07,419,6
2014-07,420,6
2014-07,421,6
2014-07,422,12
2014-07,423,12
2014-07,424,9
2014-07,425,9
2014-07,426,9
2014-07,427,9
2014-07,428,9
2014-07,429,9
2014-07,430,9
2014-07,431,9
2014-07,432,9
2014-07,433,6
2014-07,434,6
2014-07,435,6
2014-07,436,6
2014-07,437,9
2014-07,438,6
2014-07,439,6
2014-07,440,6
2014-07,441,6
2014-07,442,6
2014-07,443,6
2014-07,444,9
2014-07,445,9
2014-07,446,9
2014-07,447,9
2014-07,448,9
2014-07,449,6
2014-07,450,6
2014-07,451,6
2014-07,452,6
2014-07,453,6
2014-07,454,6
2014-07,455,6
2014-07,456,6
2014-07,457,6
2014-07,458,6
2014-07,459,6
2014-07,460,6
2014-07,461,3
2014-07,462,15
2014-07,463,6
2014-07,464,6
2014-07,465,3
2014-07,466,3
2014-07,467,3
2014-07,468,6
2014-07,469,6
2014-07,470,6
2014-07,471,6
2014-07,472,6
2014-07,473,6
2014-07,474,6
2014-07,475,6
2014-07,476,550
2014-07,477,550
2014-07,478,550
2014-07,479,550
2014-07,480,1100
2014-07,481,1100
2014-07,482,1100
2014-07,483,1100
2014-07,484,1100
2014-07,485,1100
2014-07,486,1100
2014-07,487,550
2014-07,488,550
2014-07,489,550
2014-07,490,30
2014-07,491,30
2014-07,492,300
2014-07,493,300
2014-07,494,420
2014-07,495,420
2014-07,496,420
2014-07,497,18
2014-07,504,18
2014-07,505,15
2014-07,506,360
2014-07,507,6050
2014-07,508,6050
2014-07,509,2200
2014-07,510,4950
2014-07,511,4950
2014-07,512,5500
2014-07,513,6050
2014-07,523,6050
2014-07,524,6050
2014-07,525,2750
2014-07,526,2750
2014-07,527,2750
2014-07,528,15
2014-07,530,3300
2014-07,535,2200
2014-07,679,4950
2014-07,907,3300
2014-07,908,3300
2014-07,909,3300
2014-07,910,3850
2014-07,911,3850
2014-07,912,3850
2014-07,913,3850
2014-07,914,2200
2014-07,915,2750
2014-07,916,2200
2014-07,921,3300
2014-07,922,2750
2014-07,923,2750
2014-07,928,5500
2014-07,929,5500
2014-07,930,6050
2014-07,931,5500
2014-07,932,5500
2014-07,933,4950
2014-07,934,4950
2014-07,935,5500
2014-07,936,5500
2014-07,937,2750
2014-07,938,4950
2014-07,939,4950
2014-07,940,2750
2014-07,941,3300
2014-07,948,3300
2014-07,952,360
2014-08,325,1250
2014-08,326,1250
2014-08,332,550
2014-08,341,6
2014-08,342,6
2014-08,343,3
2014-08,344,3
2014-08,345,3
2014-08,346,3
2014-08,347,3
2014-08,348,3
2014-08,349,3
2014-08,351,550
2014-08,352,550
2014-08,356,120
2014-08,357,120
2014-08,358,60
2014-08,375,3
2014-08,376,3
2014-08,377,3
2014-08,378,3
2014-08,389,3
2014-08,390,3
2014-08,391,3
2014-08,392,3
2014-08,393,3
2014-08,394,3
2014-08,395,3
2014-08,396,3
2014-08,397,3
2014-08,402,3
2014-08,405,3
2014-08,406,3
2014-08,407,3
2014-08,410,3
2014-08,411,3
2014-08,412,3
2014-08,413,3
2014-08,424,3
2014-08,425,3
2014-08,426,3
2014-08,433,3
2014-08,434,3
2014-08,435,3
2014-08,462,3
2014-08,465,3
2014-08,466,3
2014-08,467,3
2014-08,487,550
2014-08,488,550
2014-08,489,550
2014-08,490,6
2014-08,491,6
2014-08,492,60
2014-08,493,60
2014-08,494,60
2014-08,495,60
2014-08,496,60
2014-08,505,3
2014-08,507,550
2014-08,508,550
2014-08,509,550
2014-08,510,1100
2014-08,511,1100
2014-08,513,550
2014-08,523,550
2014-08,524,550
2014-08,525,550
2014-08,526,550
2014-08,527,550
2014-08,528,3
2014-08,535,550
2014-08,907,550
2014-08,908,550
2014-08,909,550
2014-08,910,550
2014-08,911,550
2014-08,912,550
2014-08,913,550
2014-08,928,550
2014-08,929,550
2014-08,930,550
2014-08,931,1100
2014-08,932,1100
2014-08,935,1100
2014-08,936,1100
2014-08,937,550
2014-08,938,1100
2014-08,939,1100
2014-08,948,550
